DATE,UNRATE,FEDFUNDS,DGS10
1948-01-01,3.4,.,.
1948-02-01,3.8,.,.
1948-03-01,4.0,.,.
1948-04-01,3.9,.,.
1948-05-01,3.5,.,.
1948-06-01,3.6,.,.
1948-07-01,3.6,.,.
1948-08-01,3.9,.,.
1948-09-01,3.8,.,.
1948-10-01,3.7,.,.
1948-11-01,3.8,.,.
1948-12-01,4.0,.,.
1949-01-01,4.3,.,.
1949-02-01,4.7,.,.
1949-03-01,5.0,.,.
1949-04-01,5.3,.,.
1949-05-01,6.1,.,.
1949-06-01,6.2,.,.
1949-07-01,6.7,.,.
1949-08-01,6.8,.,.
1949-09-01,6.6,.,.
1949-10-01,7.9,.,.
1949-11-01,6.4,.,.
1949-12-01,6.6,.,.
1950-01-01,6.5,.,.
1950-02-01,6.4,.,.
1950-03-01,6.3,.,.
1950-04-01,5.8,.,.
1950-05-01,5.5,.,.
1950-06-01,5.4,.,.
1950-07-01,5.0,.,.
1950-08-01,4.5,.,.
1950-09-01,4.4,.,.
1950-10-01,4.2,.,.
1950-11-01,4.2,.,.
1950-12-01,4.3,.,.
1951-01-01,3.7,.,.
1951-02-01,3.4,.,.
1951-03-01,3.4,.,.
1951-04-01,3.1,.,.
1951-05-01,3.0,.,.
1951-06-01,3.2,.,.
1951-07-01,3.1,.,.
1951-08-01,3.1,.,.
1951-09-01,3.3,.,.
1951-10-01,3.5,.,.
1951-11-01,3.5,.,.
1951-12-01,3.1,.,.
1952-01-01,3.2,.,.
1952-02-01,3.1,.,.
1952-03-01,2.9,.,.
1952-04-01,2.9,.,.
1952-05-01,3.0,.,.
1952-06-01,3.0,.,.
1952-07-01,3.2,.,.
1952-08-01,3.4,.,.
1952-09-01,3.1,.,.
1952-10-01,3.0,.,.
1952-11-01,2.8,.,.
1952-12-01,2.7,.,.
1953-01-01,2.9,.,.
1953-02-01,2.6,.,.
1953-03-01,2.6,.,.
1953-04-01,2.7,.,.
1953-05-01,2.5,.,.
1953-06-01,2.5,.,.
1953-07-01,2.6,.,.
1953-08-01,2.7,.,.
1953-09-01,2.9,.,.
1953-10-01,3.1,.,.
1953-11-01,3.5,.,.
1953-12-01,4.5,.,.
1954-01-01,4.9,.,.
1954-02-01,5.2,.,.
1954-03-01,5.7,.,.
1954-04-01,5.9,.,.
1954-05-01,5.9,.,.
1954-06-01,5.6,.,.
1954-07-01,5.8,0.80,.
1954-08-01,6.0,1.22,.
1954-09-01,6.1,1.07,.
1954-10-01,5.7,0.85,.
1954-11-01,5.3,0.83,.
1954-12-01,5.0,1.28,.
1955-01-01,4.9,1.39,.
1955-02-01,4.7,1.29,.
1955-03-01,4.6,1.35,.
1955-04-01,4.7,1.43,.
1955-05-01,4.3,1.43,.
1955-06-01,4.2,1.64,.
1955-07-01,4.0,1.68,.
1955-08-01,4.2,1.96,.
1955-09-01,4.1,2.18,.
1955-10-01,4.3,2.24,.
1955-11-01,4.2,2.35,.
1955-12-01,4.2,2.48,.
1956-01-01,4.0,2.45,.
1956-02-01,3.9,2.50,.
1956-03-01,4.2,2.50,.
1956-04-01,4.0,2.62,.
1956-05-01,4.3,2.75,.
1956-06-01,4.3,2.71,.
1956-07-01,4.4,2.75,.
1956-08-01,4.1,2.73,.
1956-09-01,3.9,2.95,.
1956-10-01,3.9,2.96,.
1956-11-01,4.3,2.88,.
1956-12-01,4.2,2.94,.
1957-01-01,4.2,2.84,.
1957-02-01,3.9,3.00,.
1957-03-01,3.7,2.96,.
1957-04-01,3.9,3.00,.
1957-05-01,4.1,3.00,.
1957-06-01,4.3,3.00,.
1957-07-01,4.2,2.99,.
1957-08-01,4.1,3.24,.
1957-09-01,4.4,3.47,.
1957-10-01,4.5,3.50,.
1957-11-01,5.1,3.28,.
1957-12-01,5.2,2.98,.
1958-01-01,5.8,2.72,.
1958-02-01,6.4,1.67,.
1958-03-01,6.7,1.20,.
1958-04-01,7.4,1.26,.
1958-05-01,7.4,0.63,.
1958-06-01,7.3,0.93,.
1958-07-01,7.5,0.68,.
1958-08-01,7.4,1.53,.
1958-09-01,7.1,1.76,.
1958-10-01,6.7,1.80,.
1958-11-01,6.2,2.27,.
1958-12-01,6.2,2.42,.
1959-01-01,6.0,2.48,.
1959-02-01,5.9,2.43,.
1959-03-01,5.6,2.80,.
1959-04-01,5.2,2.96,.
1959-05-01,5.1,2.90,.
1959-06-01,5.0,3.39,.
1959-07-01,5.1,3.47,.
1959-08-01,5.2,3.50,.
1959-09-01,5.5,3.76,.
1959-10-01,5.7,3.98,.
1959-11-01,5.8,4.00,.
1959-12-01,5.3,3.99,.
1960-01-01,5.2,3.99,.
1960-02-01,4.8,3.97,.
1960-03-01,5.4,3.84,.
1960-04-01,5.2,3.92,.
1960-05-01,5.1,3.85,.
1960-06-01,5.4,3.32,.
1960-07-01,5.5,3.23,.
1960-08-01,5.6,2.98,.
1960-09-01,5.5,2.60,.
1960-10-01,6.1,2.47,.
1960-11-01,6.1,2.44,.
1960-12-01,6.6,1.98,.
1961-01-01,6.6,1.45,.
1961-02-01,6.9,2.54,.
1961-03-01,6.9,2.02,.
1961-04-01,7.0,1.49,.
1961-05-01,7.1,1.98,.
1961-06-01,6.9,1.73,.
1961-07-01,7.0,1.17,.
1961-08-01,6.6,2.00,.
1961-09-01,6.7,1.88,.
1961-10-01,6.5,2.26,.
1961-11-01,6.1,2.61,.
1961-12-01,6.0,2.33,.
1962-01-01,5.8,2.15,4.0831818181818182
1962-02-01,5.5,2.37,4.0394444444444444
1962-03-01,5.6,2.85,3.9304545454545455
1962-04-01,5.6,2.78,3.8430000000000000
1962-05-01,5.5,2.36,3.8736363636363636
1962-06-01,5.5,2.68,3.9090476190476190
1962-07-01,5.4,2.71,4.0142857142857143
1962-08-01,5.7,2.93,3.9756521739130435
1962-09-01,5.6,2.90,3.9789473684210526
1962-10-01,5.4,2.90,3.9254545454545455
1962-11-01,5.7,2.94,3.9157894736842105
1962-12-01,5.5,2.93,3.8645000000000000
1963-01-01,5.7,2.92,3.8336363636363636
1963-02-01,5.9,3.00,3.9211111111111111
1963-03-01,5.7,2.98,3.9285714285714286
1963-04-01,5.7,2.90,3.9709523809523810
1963-05-01,5.9,3.00,3.9300000000000000
1963-06-01,5.6,2.99,3.9930000000000000
1963-07-01,5.6,3.02,4.0204545454545455
1963-08-01,5.4,3.49,4.0022727272727273
1963-09-01,5.5,3.48,4.0775000000000000
1963-10-01,5.5,3.50,4.1060869565217391
1963-11-01,5.7,3.48,4.1217647058823529
1963-12-01,5.5,3.38,4.1285714285714286
1964-01-01,5.6,3.48,4.1668181818181818
1964-02-01,5.4,3.48,4.1455555555555556
1964-03-01,5.4,3.43,4.2195238095238095
1964-04-01,5.3,3.47,4.2322727272727273
1964-05-01,5.1,3.50,4.2000000000000000
1964-06-01,5.2,3.50,4.1700000000000000
1964-07-01,4.9,3.42,4.1859090909090909
1964-08-01,5.0,3.50,4.1938095238095238
1964-09-01,5.1,3.45,4.2038095238095238
1964-10-01,5.1,3.36,4.1880952380952381
1964-11-01,4.8,3.52,4.1527777777777778
1964-12-01,5.0,3.85,4.1795454545454545
1965-01-01,4.9,3.90,4.1895000000000000
1965-02-01,5.1,3.98,4.2111111111111111
1965-03-01,4.7,4.05,4.2104347826086957
1965-04-01,4.8,4.09,4.2038095238095238
1965-05-01,4.6,4.10,4.2115000000000000
1965-06-01,4.6,4.05,4.2131818181818182
1965-07-01,4.4,4.09,4.2047619047619048
1965-08-01,4.4,4.12,4.2522727272727273
1965-09-01,4.3,4.02,4.2904761904761905
1965-10-01,4.2,4.08,4.3495000000000000
1965-11-01,4.1,4.10,4.4489473684210526
1965-12-01,4.0,4.32,4.6154545454545455
1966-01-01,4.0,4.42,4.6123809523809524
1966-02-01,3.8,4.60,4.8321052631578947
1966-03-01,3.8,4.66,4.8734782608695652
1966-04-01,3.8,4.67,4.7500000000000000
1966-05-01,3.9,4.90,4.7785714285714286
1966-06-01,3.8,5.17,4.8145454545454545
1966-07-01,3.8,5.30,5.0180000000000000
1966-08-01,3.8,5.53,5.2243478260869565
1966-09-01,3.7,5.40,5.1823809523809524
1966-10-01,3.7,5.53,5.0115000000000000
1966-11-01,3.6,5.76,5.1552631578947368
1966-12-01,3.8,5.40,4.8428571428571429
1967-01-01,3.9,4.94,4.5790476190476190
1967-02-01,3.8,5.00,4.6266666666666667
1967-03-01,3.8,4.53,4.5418181818181818
1967-04-01,3.8,4.05,4.5935000000000000
1967-05-01,3.8,3.94,4.8477272727272727
1967-06-01,3.9,3.98,5.0227272727272727
1967-07-01,3.8,3.79,5.1590000000000000
1967-08-01,3.8,3.90,5.2756521739130435
1967-09-01,3.8,3.99,5.3020000000000000
1967-10-01,4.0,3.88,5.4809523809523810
1967-11-01,3.9,4.13,5.7535000000000000
1967-12-01,3.8,4.51,5.6990000000000000
1968-01-01,3.7,4.61,5.5286363636363636
1968-02-01,3.8,4.71,5.5636842105263158
1968-03-01,3.7,5.05,5.7400000000000000
1968-04-01,3.5,5.76,5.6385000000000000
1968-05-01,3.5,6.12,5.8695454545454545
1968-06-01,3.7,6.07,5.7180000000000000
1968-07-01,3.7,6.03,5.4954545454545455
1968-08-01,3.5,6.03,5.4204545454545455
1968-09-01,3.4,5.78,5.4600000000000000
1968-10-01,3.4,5.91,5.5826086956521739
1968-11-01,3.4,5.82,5.6961111111111111
1968-12-01,3.4,6.02,6.0319047619047619
1969-01-01,3.4,6.30,6.0418181818181818
1969-02-01,3.4,6.61,6.1889473684210526
1969-03-01,3.4,6.79,6.2960000000000000
1969-04-01,3.4,7.41,6.1733333333333333
1969-05-01,3.4,8.67,6.3233333333333333
1969-06-01,3.5,8.90,6.5742857142857143
1969-07-01,3.5,8.61,6.7195238095238095
1969-08-01,3.5,9.19,6.6914285714285714
1969-09-01,3.7,9.15,7.1595238095238095
1969-10-01,3.7,9.00,7.0954545454545455
1969-11-01,3.5,8.85,7.1441176470588235
1969-12-01,3.5,8.97,7.6540909090909091
1970-01-01,3.9,8.98,7.7947619047619048
1970-02-01,4.2,8.98,7.2383333333333333
1970-03-01,4.4,7.76,7.0728571428571429
1970-04-01,4.6,8.10,7.3909090909090909
1970-05-01,4.8,7.95,7.9061904761904762
1970-06-01,4.9,7.61,7.8418181818181818
1970-07-01,5.0,7.21,7.4572727272727273
1970-08-01,5.1,6.62,7.5271428571428571
1970-09-01,5.4,6.29,7.3895238095238095
1970-10-01,5.5,6.20,7.3266666666666667
1970-11-01,5.9,5.60,6.8411111111111111
1970-12-01,6.1,4.90,6.3913636363636364
1971-01-01,5.9,4.14,6.2385000000000000
1971-02-01,5.9,3.72,6.1122222222222222
1971-03-01,6.0,3.71,5.7034782608695652
1971-04-01,5.9,4.16,5.8338095238095238
1971-05-01,5.9,4.63,6.3925000000000000
1971-06-01,5.9,4.91,6.5222727272727273
1971-07-01,6.0,5.31,6.7295238095238095
1971-08-01,6.1,5.57,6.5827272727272727
1971-09-01,6.0,5.55,6.1395238095238095
1971-10-01,5.8,5.20,5.9257894736842105
1971-11-01,6.0,4.91,5.8100000000000000
1971-12-01,6.0,4.14,5.9263636363636364
1972-01-01,5.8,3.51,5.9476190476190476
1972-02-01,5.7,3.30,6.0810000000000000
1972-03-01,5.8,3.83,6.0686363636363636
1972-04-01,5.7,4.17,6.1945000000000000
1972-05-01,5.7,4.27,6.1263636363636364
1972-06-01,5.7,4.46,6.1068181818181818
1972-07-01,5.6,4.55,6.1130000000000000
1972-08-01,5.6,4.81,6.2104347826086957
1972-09-01,5.5,4.87,6.5495000000000000
1972-10-01,5.6,5.05,6.4795000000000000
1972-11-01,5.3,5.06,6.2805000000000000
1972-12-01,5.2,5.33,6.3585000000000000
1973-01-01,4.9,5.94,6.4645454545454545
1973-02-01,5.0,6.58,6.6355555555555556
1973-03-01,4.9,7.09,6.7090909090909091
1973-04-01,5.0,7.12,6.6685000000000000
1973-05-01,4.9,7.84,6.8472727272727273
1973-06-01,4.9,8.49,6.9000000000000000
1973-07-01,4.8,10.40,7.1309523809523810
1973-08-01,4.8,10.50,7.4047826086956522
1973-09-01,4.8,10.78,7.0905263157894737
1973-10-01,4.6,10.01,6.7942857142857143
1973-11-01,4.8,10.03,6.7285000000000000
1973-12-01,4.9,9.95,6.7436842105263158
1974-01-01,5.1,9.65,6.9886363636363636
1974-02-01,5.2,8.97,6.9572222222222222
1974-03-01,5.1,9.35,7.2090476190476190
1974-04-01,5.1,10.51,7.5123809523809524
1974-05-01,5.1,11.31,7.5759090909090909
1974-06-01,5.4,11.93,7.5355000000000000
1974-07-01,5.5,12.92,7.8050000000000000
1974-08-01,5.5,12.01,8.0440909090909091
1974-09-01,5.9,11.34,8.0375000000000000
1974-10-01,6.0,10.06,7.8968181818181818
1974-11-01,6.6,9.45,7.6811111111111111
1974-12-01,7.2,8.53,7.4338095238095238
1975-01-01,8.1,7.13,7.5013636363636364
1975-02-01,8.1,6.24,7.3922222222222222
1975-03-01,8.6,5.54,7.7280000000000000
1975-04-01,8.8,5.49,8.2268181818181818
1975-05-01,9.0,5.22,8.0595238095238095
1975-06-01,8.8,5.55,7.8609523809523810
1975-07-01,8.6,6.10,8.0613636363636364
1975-08-01,8.4,6.14,8.3976190476190476
1975-09-01,8.4,6.24,8.4266666666666667
1975-10-01,8.4,5.82,8.1377272727272727
1975-11-01,8.3,5.22,8.0529411764705882
1975-12-01,8.2,5.20,7.9968181818181818
1976-01-01,7.9,4.87,7.7423809523809524
1976-02-01,7.7,4.77,7.7927777777777778
1976-03-01,7.6,4.84,7.7343478260869565
1976-04-01,7.7,4.82,7.5642857142857143
1976-05-01,7.4,5.29,7.8950000000000000
1976-06-01,7.6,5.48,7.8613636363636364
1976-07-01,7.8,5.31,7.8319047619047619
1976-08-01,7.8,5.29,7.7686363636363636
1976-09-01,7.6,5.25,7.5942857142857143
1976-10-01,7.7,5.02,7.4110000000000000
1976-11-01,7.8,4.95,7.2910526315789474
1976-12-01,7.8,4.65,6.8690909090909091
1977-01-01,7.5,4.61,7.2133333333333333
1977-02-01,7.6,4.68,7.3910526315789474
1977-03-01,7.4,4.69,7.4600000000000000
1977-04-01,7.2,4.73,7.3705000000000000
1977-05-01,7.0,5.35,7.4566666666666667
1977-06-01,7.2,5.39,7.2754545454545455
1977-07-01,6.9,5.42,7.3300000000000000
1977-08-01,7.0,5.90,7.3965217391304348
1977-09-01,6.8,6.14,7.3438095238095238
1977-10-01,6.8,6.47,7.5235000000000000
1977-11-01,6.8,6.51,7.5773684210526316
1977-12-01,6.4,6.56,7.6852380952380952
1978-01-01,6.4,6.70,7.9561904761904762
1978-02-01,6.3,6.78,8.0333333333333333
1978-03-01,6.3,6.79,8.0359090909090909
1978-04-01,6.1,6.89,8.1540000000000000
1978-05-01,6.0,7.36,8.3457142857142857
1978-06-01,5.9,7.60,8.4622727272727273
1978-07-01,6.2,7.81,8.6400000000000000
1978-08-01,5.9,8.04,8.4108695652173913
1978-09-01,6.0,8.45,8.4165000000000000
1978-10-01,5.8,8.96,8.6423809523809524
1978-11-01,5.9,9.76,8.8050000000000000
1978-12-01,6.0,10.03,9.0065000000000000
1979-01-01,5.9,10.07,9.0995454545454545
1979-02-01,5.9,10.06,9.0983333333333333
1979-03-01,5.8,10.09,9.1172727272727273
1979-04-01,5.8,10.01,9.1820000000000000
1979-05-01,5.6,10.24,9.2523809523809524
1979-06-01,5.7,10.29,8.9138095238095238
1979-07-01,5.7,10.47,8.9500000000000000
1979-08-01,6.0,10.94,9.0295652173913043
1979-09-01,5.9,11.43,9.3347368421052632
1979-10-01,6.0,13.77,10.2990909090909091
1979-11-01,5.9,13.18,10.6531578947368421
1979-12-01,6.0,13.78,10.3860000000000000
1980-01-01,6.3,13.82,10.8022727272727273
1980-02-01,6.3,14.13,12.4147368421052632
1980-03-01,6.3,17.19,12.7490476190476190
1980-04-01,6.9,17.61,11.4733333333333333
1980-05-01,7.5,10.98,10.1814285714285714
1980-06-01,7.6,9.47,9.7780952380952381
1980-07-01,7.8,9.03,10.2477272727272727
1980-08-01,7.7,9.61,11.1019047619047619
1980-09-01,7.5,10.87,11.5085714285714286
1980-10-01,7.5,12.81,11.7513636363636364
1980-11-01,7.5,15.85,12.6847058823529412
1980-12-01,7.2,18.90,12.8440909090909091
1981-01-01,7.5,19.08,12.5685714285714286
1981-02-01,7.4,15.93,13.1944444444444444
1981-03-01,7.4,14.70,13.1159090909090909
1981-04-01,7.2,15.72,13.6795238095238095
1981-05-01,7.5,18.52,14.0995000000000000
1981-06-01,7.5,19.10,13.4722727272727273
1981-07-01,7.2,19.04,14.2809090909090909
1981-08-01,7.4,17.82,14.9371428571428571
1981-09-01,7.6,15.87,15.3238095238095238
1981-10-01,7.9,15.08,15.1480952380952381
1981-11-01,8.3,13.31,13.3927777777777778
1981-12-01,8.5,12.37,13.7245454545454545
1982-01-01,8.6,13.22,14.5940000000000000
1982-02-01,8.9,14.78,14.4255555555555556
1982-03-01,9.0,14.68,13.8613043478260870
1982-04-01,9.3,14.94,13.8719047619047619
1982-05-01,9.4,14.45,13.6225000000000000
1982-06-01,9.6,14.15,14.2995454545454545
1982-07-01,9.8,12.59,13.9461904761904762
1982-08-01,9.8,10.12,13.0550000000000000
1982-09-01,10.1,10.31,12.3390476190476190
1982-10-01,10.4,9.71,10.9065000000000000
1982-11-01,10.8,9.20,10.5505263157894737
1982-12-01,10.8,8.95,10.5400000000000000
1983-01-01,10.4,8.68,10.4571428571428571
1983-02-01,10.4,8.51,10.7247368421052632
1983-03-01,10.3,8.77,10.5065217391304348
1983-04-01,10.2,8.80,10.4000000000000000
1983-05-01,10.1,8.63,10.3800000000000000
1983-06-01,10.1,8.98,10.8486363636363636
1983-07-01,9.4,9.37,11.3770000000000000
1983-08-01,9.5,9.56,11.8460869565217391
1983-09-01,9.2,9.45,11.6538095238095238
1983-10-01,8.8,9.48,11.5410000000000000
1983-11-01,8.5,9.34,11.6900000000000000
1983-12-01,8.3,9.47,11.8295238095238095
1984-01-01,8.0,9.56,11.6742857142857143
1984-02-01,7.8,9.59,11.8421052631578947
1984-03-01,7.8,9.91,12.3190909090909091
1984-04-01,7.7,10.29,12.6335000000000000
1984-05-01,7.4,10.32,13.4086363636363636
1984-06-01,7.2,11.06,13.5628571428571429
1984-07-01,7.5,11.23,13.3623809523809524
1984-08-01,7.5,11.64,12.7160869565217391
1984-09-01,7.3,11.30,12.5226315789473684
1984-10-01,7.4,9.99,12.1604545454545455
1984-11-01,7.2,9.43,11.5726315789473684
1984-12-01,7.3,8.38,11.4995000000000000
1985-01-01,7.3,8.35,11.3842857142857143
1985-02-01,7.2,8.50,11.5088888888888889
1985-03-01,7.2,8.58,11.8552380952380952
1985-04-01,7.3,8.27,11.4347619047619048
1985-05-01,7.2,7.97,10.8468181818181818
1985-06-01,7.4,7.53,10.1560000000000000
1985-07-01,7.4,7.88,10.3068181818181818
1985-08-01,7.1,7.90,10.3318181818181818
1985-09-01,7.1,7.92,10.3731578947368421
1985-10-01,7.1,7.99,10.2368181818181818
1985-11-01,7.0,8.05,9.7815789473684211
1985-12-01,7.0,8.27,9.2590476190476190
1986-01-01,6.7,8.14,9.1938095238095238
1986-02-01,7.2,7.86,8.7042105263157895
1986-03-01,7.2,7.48,7.7785000000000000
1986-04-01,7.1,6.99,7.2990909090909091
1986-05-01,7.2,6.85,7.7095238095238095
1986-06-01,7.2,6.92,7.7995238095238095
1986-07-01,7.0,6.56,7.3031818181818182
1986-08-01,6.9,6.17,7.1657142857142857
1986-09-01,7.0,5.89,7.4476190476190476
1986-10-01,7.0,5.85,7.4263636363636364
1986-11-01,6.9,6.04,7.2505555555555556
1986-12-01,6.6,6.91,7.1127272727272727
1987-01-01,6.6,6.43,7.0845000000000000
1987-02-01,6.6,6.10,7.2505263157894737
1987-03-01,6.6,6.13,7.2486363636363636
1987-04-01,6.3,6.37,8.0228571428571429
1987-05-01,6.3,6.85,8.6130000000000000
1987-06-01,6.2,6.73,8.4022727272727273
1987-07-01,6.1,6.58,8.4468181818181818
1987-08-01,6.0,6.73,8.7604761904761905
1987-09-01,5.9,7.22,9.4219047619047619
1987-10-01,6.0,7.29,9.5200000000000000
1987-11-01,5.8,6.69,8.8605263157894737
1987-12-01,5.7,6.77,8.9877272727272727
1988-01-01,5.7,6.83,8.6657894736842105
1988-02-01,5.7,6.58,8.2120000000000000
1988-03-01,5.7,6.58,8.3734782608695652
1988-04-01,5.4,6.87,8.7185000000000000
1988-05-01,5.6,7.09,9.0890476190476190
1988-06-01,5.4,7.51,8.9213636363636364
1988-07-01,5.4,7.75,9.0560000000000000
1988-08-01,5.6,8.01,9.2604347826086957
1988-09-01,5.4,8.19,8.9771428571428571
1988-10-01,5.4,8.30,8.7955000000000000
1988-11-01,5.3,8.35,8.9625000000000000
1988-12-01,5.3,8.76,9.1057142857142857
1989-01-01,5.4,9.12,9.0915000000000000
1989-02-01,5.2,9.36,9.1689473684210526
1989-03-01,5.0,9.85,9.3577272727272727
1989-04-01,5.2,9.84,9.1755000000000000
1989-05-01,5.2,9.81,8.8590909090909091
1989-06-01,5.3,9.53,8.2772727272727273
1989-07-01,5.2,9.24,8.0185000000000000
1989-08-01,5.2,8.99,8.1126086956521739
1989-09-01,5.3,9.02,8.1905000000000000
1989-10-01,5.3,8.84,8.0076190476190476
1989-11-01,5.4,8.55,7.8742857142857143
1989-12-01,5.4,8.45,7.8360000000000000
1990-01-01,5.4,8.23,8.2066666666666667
1990-02-01,5.3,8.24,8.4731578947368421
1990-03-01,5.2,8.28,8.5886363636363636
1990-04-01,5.4,8.26,8.7855000000000000
1990-05-01,5.4,8.18,8.7581818181818182
1990-06-01,5.2,8.29,8.4800000000000000
1990-07-01,5.5,8.15,8.4714285714285714
1990-08-01,5.7,8.13,8.7526086956521739
1990-09-01,5.9,8.20,8.8931578947368421
1990-10-01,5.9,8.11,8.7195454545454545
1990-11-01,6.2,7.81,8.3920000000000000
1990-12-01,6.3,7.31,8.0750000000000000
1991-01-01,6.4,6.91,8.0919047619047619
1991-02-01,6.6,6.25,7.8547368421052632
1991-03-01,6.8,6.12,8.1100000000000000
1991-04-01,6.7,5.91,8.0390909090909091
1991-05-01,6.9,5.78,8.0677272727272727
1991-06-01,6.9,5.90,8.2840000000000000
1991-07-01,6.8,5.82,8.2727272727272727
1991-08-01,6.9,5.66,7.9000000000000000
1991-09-01,6.9,5.45,7.6500000000000000
1991-10-01,7.0,5.21,7.5272727272727273
1991-11-01,7.0,4.81,7.4173684210526316
1991-12-01,7.3,4.43,7.0885714285714286
1992-01-01,7.3,4.03,7.0323809523809524
1992-02-01,7.4,4.06,7.3378947368421053
1992-03-01,7.4,3.98,7.5422727272727273
1992-04-01,7.4,3.73,7.4804761904761905
1992-05-01,7.6,3.82,7.3920000000000000
1992-06-01,7.8,3.76,7.2618181818181818
1992-07-01,7.7,3.25,6.8445454545454545
1992-08-01,7.6,3.30,6.5857142857142857
1992-09-01,7.6,3.22,6.4152380952380952
1992-10-01,7.3,3.10,6.5890476190476190
1992-11-01,7.4,3.09,6.8731578947368421
1992-12-01,7.4,2.92,6.7700000000000000
1993-01-01,7.3,3.02,6.6000000000000000
1993-02-01,7.1,3.03,6.2589473684210526
1993-03-01,7.0,3.07,5.9752173913043478
1993-04-01,7.1,2.96,5.9695238095238095
1993-05-01,7.1,3.00,6.0355000000000000
1993-06-01,7.0,3.04,5.9627272727272727
1993-07-01,6.9,3.06,5.8052380952380952
1993-08-01,6.8,3.03,5.6777272727272727
1993-09-01,6.7,3.09,5.3600000000000000
1993-10-01,6.8,2.99,5.3340000000000000
1993-11-01,6.6,3.02,5.7240000000000000
1993-12-01,6.5,2.96,5.7740909090909091
1994-01-01,6.6,3.05,5.7505000000000000
1994-02-01,6.6,3.25,5.9731578947368421
1994-03-01,6.5,3.34,6.4826086956521739
1994-04-01,6.4,3.56,6.9721052631578947
1994-05-01,6.1,4.01,7.1833333333333333
1994-06-01,6.1,4.25,7.1013636363636364
1994-07-01,6.1,4.26,7.2980000000000000
1994-08-01,6.0,4.47,7.2360869565217391
1994-09-01,5.9,4.73,7.4571428571428571
1994-10-01,5.8,4.76,7.7440000000000000
1994-11-01,5.6,5.29,7.9550000000000000
1994-12-01,5.5,5.45,7.8138095238095238
1995-01-01,5.6,5.53,7.7795000000000000
1995-02-01,5.4,5.92,7.4694736842105263
1995-03-01,5.4,5.98,7.2047826086956522
1995-04-01,5.8,6.05,7.0626315789473684
1995-05-01,5.6,6.01,6.6327272727272727
1995-06-01,5.6,6.00,6.1681818181818182
1995-07-01,5.7,5.85,6.2780000000000000
1995-08-01,5.7,5.74,6.4882608695652174
1995-09-01,5.6,5.80,6.1975000000000000
1995-10-01,5.5,5.76,6.0447619047619048
1995-11-01,5.6,5.80,5.9304761904761905
1995-12-01,5.6,5.60,5.7115000000000000
1996-01-01,5.6,5.56,5.6523809523809524
1996-02-01,5.5,5.22,5.8055000000000000
1996-03-01,5.5,5.31,6.2685714285714286
1996-04-01,5.6,5.22,6.5113636363636364
1996-05-01,5.6,5.24,6.7368181818181818
1996-06-01,5.3,5.27,6.9120000000000000
1996-07-01,5.5,5.40,6.8654545454545455
1996-08-01,5.1,5.22,6.6354545454545455
1996-09-01,5.2,5.30,6.8320000000000000
1996-10-01,5.2,5.24,6.5336363636363636
1996-11-01,5.4,5.31,6.2036842105263158
1996-12-01,5.4,5.29,6.3023809523809524
1997-01-01,5.3,5.25,6.5790476190476190
1997-02-01,5.2,5.19,6.4194736842105263
1997-03-01,5.2,5.39,6.6945000000000000
1997-04-01,5.1,5.51,6.8854545454545455
1997-05-01,4.9,5.50,6.7109523809523810
1997-06-01,5.0,5.56,6.4938095238095238
1997-07-01,4.9,5.52,6.2204545454545455
1997-08-01,4.8,5.54,6.2985714285714286
1997-09-01,4.9,5.54,6.2085714285714286
1997-10-01,4.7,5.50,6.0295454545454545
1997-11-01,4.6,5.52,5.8750000000000000
1997-12-01,4.7,5.50,5.8086363636363636
1998-01-01,4.6,5.56,5.5445000000000000
1998-02-01,4.6,5.51,5.5747368421052632
1998-03-01,4.7,5.49,5.6472727272727273
1998-04-01,4.3,5.45,5.6376190476190476
1998-05-01,4.4,5.49,5.6525000000000000
1998-06-01,4.5,5.56,5.4963636363636364
1998-07-01,4.5,5.54,5.4613636363636364
1998-08-01,4.5,5.55,5.3419047619047619
1998-09-01,4.6,5.51,4.8066666666666667
1998-10-01,4.5,5.07,4.5300000000000000
1998-11-01,4.4,4.83,4.8273684210526316
1998-12-01,4.4,4.68,4.6450000000000000
1999-01-01,4.3,4.63,4.7221052631578947
1999-02-01,4.4,4.76,4.9989473684210526
1999-03-01,4.2,4.81,5.2326086956521739
1999-04-01,4.3,4.74,5.1845454545454545
1999-05-01,4.2,4.74,5.5395000000000000
1999-06-01,4.3,4.76,5.8995454545454545
1999-07-01,4.3,4.99,5.7919047619047619
1999-08-01,4.2,5.07,5.9390909090909091
1999-09-01,4.2,5.22,5.9152380952380952
1999-10-01,4.1,5.20,6.1120000000000000
1999-11-01,4.1,5.42,6.0340000000000000
1999-12-01,4.0,5.30,6.2754545454545455
2000-01-01,4.0,5.45,6.6610000000000000
2000-02-01,4.1,5.73,6.5195000000000000
2000-03-01,4.0,5.85,6.2565217391304348
2000-04-01,3.8,6.02,5.9905263157894737
2000-05-01,4.0,6.27,6.4404545454545455
2000-06-01,4.0,6.53,6.0972727272727273
2000-07-01,4.0,6.54,6.0540000000000000
2000-08-01,4.1,6.50,5.8260869565217391
2000-09-01,3.9,6.52,5.7990000000000000
2000-10-01,3.9,6.51,5.7385714285714286
2000-11-01,3.9,6.51,5.7171428571428571
2000-12-01,3.9,6.40,5.2405000000000000
2001-01-01,4.2,5.98,5.1609523809523810
2001-02-01,4.2,5.49,5.0989473684210526
2001-03-01,4.3,5.31,4.8854545454545455
2001-04-01,4.4,4.8,5.1410000000000000
2001-05-01,4.3,4.21,5.3913636363636364
2001-06-01,4.5,3.97,5.2842857142857143
2001-07-01,4.6,3.77,5.2361904761904762
2001-08-01,4.9,3.65,4.9713043478260870
2001-09-01,5.0,3.07,4.7317647058823529
2001-10-01,5.3,2.49,4.5668181818181818
2001-11-01,5.5,2.09,4.6515000000000000
2001-12-01,5.7,1.82,5.0875000000000000
2002-01-01,5.7,1.73,5.0357142857142857
2002-02-01,5.7,1.74,4.9115789473684211
2002-03-01,5.7,1.73,5.2840000000000000
2002-04-01,5.9,1.75,5.2109090909090909
2002-05-01,5.8,1.75,5.1645454545454545
2002-06-01,5.8,1.75,4.9265000000000000
2002-07-01,5.8,1.73,4.6531818181818182
2002-08-01,5.7,1.74,4.2572727272727273
2002-09-01,5.7,1.75,3.8700000000000000
2002-10-01,5.7,1.75,3.9409090909090909
2002-11-01,5.9,1.34,4.0484210526315789
2002-12-01,6.0,1.24,4.0323809523809524
2003-01-01,5.8,1.24,4.0485714285714286
2003-02-01,5.9,1.26,3.9026315789473684
2003-03-01,5.9,1.25,3.8071428571428571
2003-04-01,6.0,1.26,3.9585714285714286
2003-05-01,6.1,1.26,3.5690476190476190
2003-06-01,6.3,1.22,3.3342857142857143
2003-07-01,6.2,1.01,3.9754545454545455
2003-08-01,6.1,1.03,4.4452380952380952
2003-09-01,6.1,1.01,4.2742857142857143
2003-10-01,6.0,1.01,4.2904545454545455
2003-11-01,5.8,1.00,4.3000000000000000
2003-12-01,5.7,0.98,4.2677272727272727
2004-01-01,5.7,1.00,4.1505000000000000
2004-02-01,5.6,1.01,4.0842105263157895
2004-03-01,5.8,1.00,3.8265217391304348
2004-04-01,5.6,1.00,4.3476190476190476
2004-05-01,5.6,1.00,4.7155000000000000
2004-06-01,5.6,1.03,4.7338095238095238
2004-07-01,5.5,1.26,4.4980952380952381
2004-08-01,5.4,1.43,4.2813636363636364
2004-09-01,5.4,1.61,4.1257142857142857
2004-10-01,5.5,1.76,4.0970000000000000
2004-11-01,5.4,1.93,4.1940000000000000
2004-12-01,5.4,2.16,4.2309090909090909
2005-01-01,5.3,2.28,4.2215000000000000
2005-02-01,5.4,2.50,4.1652631578947368
2005-03-01,5.2,2.63,4.4977272727272727
2005-04-01,5.2,2.79,4.3409523809523810
2005-05-01,5.1,3.00,4.1442857142857143
2005-06-01,5.0,3.04,3.9981818181818182
2005-07-01,5.0,3.26,4.1775000000000000
2005-08-01,4.9,3.50,4.2626086956521739
2005-09-01,5.0,3.62,4.1990476190476190
2005-10-01,5.0,3.78,4.4635000000000000
2005-11-01,5.0,4.00,4.5350000000000000
2005-12-01,4.9,4.16,4.4671428571428571
2006-01-01,4.7,4.29,4.4160000000000000
2006-02-01,4.8,4.49,4.5689473684210526
2006-03-01,4.7,4.59,4.7239130434782609
2006-04-01,4.7,4.79,4.9905263157894737
2006-05-01,4.6,4.94,5.1100000000000000
2006-06-01,4.6,4.99,5.1063636363636364
2006-07-01,4.7,5.24,5.0875000000000000
2006-08-01,4.7,5.25,4.8765217391304348
2006-09-01,4.5,5.25,4.7190000000000000
2006-10-01,4.4,5.25,4.7290476190476190
2006-11-01,4.5,5.25,4.5952380952380952
2006-12-01,4.4,5.24,4.5645000000000000
2007-01-01,4.6,5.25,4.7595238095238095
2007-02-01,4.5,5.26,4.7226315789473684
2007-03-01,4.4,5.26,4.5645454545454545
2007-04-01,4.5,5.25,4.6938095238095238
2007-05-01,4.4,5.25,4.7463636363636364
2007-06-01,4.6,5.25,5.1028571428571429
2007-07-01,4.7,5.26,5.0042857142857143
2007-08-01,4.6,5.02,4.6747826086956522
2007-09-01,4.7,4.94,4.5215789473684211
2007-10-01,4.7,4.76,4.5277272727272727
2007-11-01,4.7,4.49,4.1485000000000000
2007-12-01,5.0,4.24,4.0975000000000000
2008-01-01,5.0,3.94,3.7442857142857143
2008-02-01,4.9,2.98,3.7375000000000000
2008-03-01,5.1,2.61,3.5100000000000000
2008-04-01,5.0,2.28,3.6750000000000000
2008-05-01,5.4,1.98,3.8800000000000000
2008-06-01,5.6,2.00,4.0995238095238095
2008-07-01,5.8,2.01,4.0077272727272727
2008-08-01,6.1,2.00,3.8857142857142857
2008-09-01,6.1,1.81,3.6861904761904762
2008-10-01,6.5,0.97,3.8140909090909091
2008-11-01,6.8,0.39,3.5266666666666667
2008-12-01,7.3,0.16,2.4163636363636364
2009-01-01,7.8,0.15,2.5175000000000000
2009-02-01,8.3,0.22,2.8700000000000000
2009-03-01,8.7,0.18,2.8195454545454545
2009-04-01,9.0,0.15,2.9271428571428571
2009-05-01,9.4,0.18,3.2930000000000000
2009-06-01,9.5,0.21,3.7218181818181818
2009-07-01,9.5,0.16,3.5622727272727273
2009-08-01,9.6,0.16,3.5871428571428571
2009-09-01,9.8,0.15,3.4019047619047619
2009-10-01,10.0,0.12,3.3876190476190476
2009-11-01,9.9,0.12,3.4026315789473684
2009-12-01,9.9,0.12,3.5900000000000000
2010-01-01,9.8,0.11,3.7331578947368421
2010-02-01,9.8,0.13,3.6910526315789474
2010-03-01,9.9,0.16,3.7273913043478261
2010-04-01,9.9,0.20,3.8468181818181818
2010-05-01,9.6,0.20,3.4200000000000000
2010-06-01,9.4,0.18,3.2040909090909091
2010-07-01,9.4,0.18,3.0114285714285714
2010-08-01,9.5,0.19,2.6986363636363636
2010-09-01,9.5,0.19,2.6476190476190476
2010-10-01,9.4,0.19,2.5400000000000000
2010-11-01,9.8,0.19,2.7630000000000000
2010-12-01,9.3,0.18,3.2909090909090909
2011-01-01,9.1,0.17,3.3940000000000000
2011-02-01,9.0,0.16,3.5763157894736842
2011-03-01,9.0,0.14,3.4143478260869565
2011-04-01,9.1,0.10,3.4550000000000000
2011-05-01,9.0,0.09,3.1685714285714286
2011-06-01,9.1,0.09,3.0022727272727273
2011-07-01,9.0,0.07,3.0030000000000000
2011-08-01,9.0,0.10,2.3030434782608696
2011-09-01,9.0,0.08,1.9752380952380952
2011-10-01,8.8,0.07,2.1520000000000000
2011-11-01,8.6,0.08,2.0135000000000000
2011-12-01,8.5,0.07,1.9780952380952381
2012-01-01,8.3,0.08,1.9665000000000000
2012-02-01,8.3,0.10,1.9675000000000000
2012-03-01,8.2,0.13,2.1727272727272727
2012-04-01,8.2,0.14,2.0528571428571429
2012-05-01,8.2,0.16,1.8031818181818182
2012-06-01,8.2,0.16,1.6223809523809524
2012-07-01,8.2,0.16,1.5266666666666667
2012-08-01,8.1,0.13,1.6782608695652174
2012-09-01,7.8,0.14,1.7231578947368421
2012-10-01,7.8,0.16,1.7461904761904762
2012-11-01,7.7,0.16,1.6540000000000000
2012-12-01,7.9,0.16,1.7190000000000000
2013-01-01,8.0,0.14,1.9147619047619048
2013-02-01,7.7,0.15,1.9842105263157895
2013-03-01,7.5,0.14,1.9575000000000000
2013-04-01,7.6,0.15,1.7590909090909091
2013-05-01,7.5,0.11,1.9281818181818182
2013-06-01,7.5,0.09,2.3000000000000000
2013-07-01,7.3,0.09,2.5822727272727273
2013-08-01,7.2,0.08,2.7372727272727273
2013-09-01,7.2,0.08,2.8095000000000000
2013-10-01,7.2,0.09,2.6159090909090909
2013-11-01,6.9,0.08,2.7184210526315789
2013-12-01,6.7,0.09,2.9019047619047619
2014-01-01,6.6,0.07,2.8580952380952381
2014-02-01,6.7,0.07,2.7094736842105263
2014-03-01,6.7,0.08,2.7233333333333333
2014-04-01,6.2,0.09,2.7052380952380952
2014-05-01,6.3,0.09,2.5590476190476190
2014-06-01,6.1,0.10,2.5985714285714286
2014-07-01,6.2,0.09,2.5422727272727273
2014-08-01,6.1,0.09,2.4200000000000000
2014-09-01,5.9,0.09,2.5342857142857143
2014-10-01,5.7,0.09,2.3040909090909091
2014-11-01,5.8,0.09,2.3255555555555556
2014-12-01,5.6,0.12,2.2072727272727273
2015-01-01,5.7,0.11,1.8815000000000000
2015-02-01,5.5,0.11,1.9752631578947368
2015-03-01,5.4,0.11,2.0427272727272727
2015-04-01,5.4,0.12,1.9350000000000000
2015-05-01,5.6,0.12,2.1975000000000000
2015-06-01,5.3,0.13,2.3636363636363636
2015-07-01,5.2,0.13,2.3245454545454545
2015-08-01,5.1,0.14,2.1671428571428571
2015-09-01,5.0,0.14,2.1728571428571429
2015-10-01,5.0,0.12,2.0700000000000000
2015-11-01,5.1,0.12,2.2631578947368421
2015-12-01,5.0,0.24,2.2427272727272727
2016-01-01,4.8,0.34,2.0852631578947368
2016-02-01,4.9,0.38,1.7795000000000000
2016-03-01,5.0,0.36,1.8890909090909091
2016-04-01,5.1,0.37,1.8052380952380952
2016-05-01,4.8,0.37,1.8061904761904762
2016-06-01,4.9,0.38,1.6440909090909091
2016-07-01,4.8,0.39,1.5040000000000000
2016-08-01,4.9,0.40,1.5565217391304348
2016-09-01,5.0,0.40,1.6304761904761905
2016-10-01,4.9,0.40,1.7645000000000000
2016-11-01,4.7,0.41,2.1420000000000000
2016-12-01,4.7,0.54,2.4919047619047619
2017-01-01,4.7,0.65,2.4325000000000000
2017-02-01,4.6,0.66,2.4189473684210526
2017-03-01,4.4,0.79,2.4817391304347826
2017-04-01,4.4,0.90,2.2973684210526316
2017-05-01,4.4,0.91,2.3036363636363636
2017-06-01,4.3,1.04,2.1868181818181818
2017-07-01,4.3,1.15,2.3180000000000000
2017-08-01,4.4,1.16,2.2091304347826087
2017-09-01,4.3,1.15,2.2020000000000000
2017-10-01,4.2,1.15,2.3600000000000000
2017-11-01,4.2,1.16,2.3533333333333333
2017-12-01,4.1,1.30,2.4025000000000000
2018-01-01,4.0,1.41,2.5838095238095238
2018-02-01,4.1,1.42,2.8589473684210526
2018-03-01,4.0,1.51,2.8423809523809524
2018-04-01,4.0,1.69,2.8690476190476190
2018-05-01,3.8,1.70,2.9777272727272727
2018-06-01,4.0,1.82,2.9123809523809524
2018-07-01,3.8,1.91,2.8890476190476190
2018-08-01,3.8,1.91,2.8891304347826087
2018-09-01,3.7,1.95,3.0042105263157895
2018-10-01,3.8,2.19,3.1522727272727273
2018-11-01,3.8,2.20,3.1170000000000000
2018-12-01,3.9,2.27,2.8326315789473684
2019-01-01,4.0,2.40,2.7138095238095238
2019-02-01,3.8,2.40,2.6763157894736842
2019-03-01,3.8,2.41,2.5709523809523810
2019-04-01,3.6,2.42,2.5323809523809524
2019-05-01,3.6,2.39,2.3950000000000000
2019-06-01,3.6,2.38,2.0740000000000000
2019-07-01,3.7,2.40,2.0590909090909091
2019-08-01,3.7,2.13,1.6263636363636364
2019-09-01,3.5,2.04,1.6995000000000000
2019-10-01,3.6,1.83,1.7068181818181818
2019-11-01,3.6,1.55,1.8121052631578947
2019-12-01,3.6,1.55,1.8628571428571429
2020-01-01,3.5,1.55,1.7576190476190476
2020-02-01,3.5,1.58,1.5042105263157895
2020-03-01,4.4,0.65,0.87000000000000000000
2020-04-01,14.7,0.05,0.65761904761904761905
2020-05-01,13.2,0.05,0.67400000000000000000
2020-06-01,11.0,0.08,0.72863636363636363636
2020-07-01,10.2,0.09,0.62363636363636363636
2020-08-01,8.4,0.10,0.65000000000000000000
2020-09-01,7.9,0.09,0.67952380952380952381
2020-10-01,6.9,0.09,0.78714285714285714286
2020-11-01,6.7,0.09,0.87000000000000000000
2020-12-01,6.7,0.09,0.93363636363636363636
2021-01-01,6.4,0.09,1.0810526315789474
2021-02-01,6.2,0.08,1.2578947368421053
2021-03-01,6.0,0.07,1.6108695652173913
2021-04-01,6.0,0.07,1.6350000000000000
2021-05-01,5.8,0.06,1.6210000000000000
2021-06-01,5.9,0.08,1.5190909090909091
2021-07-01,5.4,0.10,1.3185714285714286
2021-08-01,5.2,0.09,1.2831818181818182
2021-09-01,4.7,0.08,1.3747619047619048
2021-10-01,4.6,0.08,1.5825000000000000
2021-11-01,4.2,0.08,1.5595000000000000
2021-12-01,3.9,0.08,1.4650000000000000
2022-01-01,4.0,0.08,1.7640000000000000
2022-02-01,.,.,.
